{
    "chart": {
        "renderTo":"container",
        "polar": true,
        "type": "line"
    },
    "title": {
        "text": "水利计通系15级违纪图谱",
        "x":-50
    },

    "pane": {
        "size": "80%"
    },

    "xAxis": {
        "categories": ["计算机1501", "计算机1502", "通信1501", "通信1502",
                "港航1501", "港航1502","水利1501","水利1502"],
        "tickmarkPlacement": "on",
        "lineWidth": 0
    },

    "yAxis": {
        "gridLineInterpolation": "polygon",
        "lineWidth": 0,
        "min": 0,
        "plotLines":[{
            "color":"red",
            "dashStyle":"dash",
            "value":30,
            "width":2,
            "label":{
                "text":"年级平均水平",
                "align":"left",
                "x":0,
                "style":{
                    "fontSize":"14px",
                    "fontWeight":"bold"
                }
            }
        }]
    },

    "tooltip": {
        "shared": true,
        "pointFormat": "<span style='color:{series.color}'>{series.name}: <b>{point.y:,.0f}人</b><br/>"
    },

    "legend": {
        "align": "right",
        "verticalAlign": "top",
        "y": 70,
        "layout": "vertical"
    },

    "series": [{
        "name": "违章用电",
        "data": [50, 30, 60, 35, 17, 10,25,65],
        "pointPlacement": "on"
    },{
        "name": "课堂缺勤",
        "data": [10,50, 30, 60,10, 35, 17, 25],
        "pointPlacement": "on"
    },{
        "name": "未归",
        "data": [45, 10,50, 30, 60,10, 35, 17],
        "pointPlacement": "on"
    },{
        "name": "晚归",
        "data": [32, 45, 10,50, 30, 60,10, 35],
        "pointPlacement": "on"
    },{
        "name": "其他违纪",
        "data": [12 , 78, 45,10,50, 30, 60,10],
        "pointPlacement": "on"
    }]

}