{
	"student_list": [
		{"student_name":"胡超宇","student_tel":"13973129851","student_id":"201286250124","student_url":"#"}
		,{"student_name":"胡超宇","student_tel":"13973129851","student_id":"201286250124","student_url":"#"}
		,{"student_name":"胡超宇","student_tel":"13973129851","student_id":"201286250124","student_url":"#"}
		,{"student_name":"胡超宇","student_tel":"13973129851","student_id":"201286250124","student_url":"#"}
		,{"student_name":"胡超宇","student_tel":"13973129851","student_id":"201286250124","student_url":"#"}
		,{"student_name":"胡超宇","student_tel":"13973129851","student_id":"201286250124","student_url":"#"}
		,{"student_name":"胡超宇","student_tel":"13973129851","student_id":"201286250124","student_url":"#"}
		,{"student_name":"胡超宇","student_tel":"13973129851","student_id":"201286250124","student_url":"#"}
		,{"student_name":"胡超宇","student_tel":"13973129851","student_id":"201286250124","student_url":"#"}
		,{"student_name":"胡超宇","student_tel":"13973129851","student_id":"201286250124","student_url":"#"}
	]
}