{
	"dormitory" : {
    	"西十": {
      		"711" : [
      			{"id":"201286250123" ,"name" : "刘虎林" , "bed": "1"},
      			{"id":"201286250124" ,"name" : "胡超宇" , "bed": "2"},
      			{"id":"201286250125" ,"name" : "杨东"  , "bed": "3"}
      		],
      		"712" : [
      			{"id":"201286250126" ,"name" : "谭杰" , "bed": "1"},
      			{"id":"201286250127" ,"name" : "张翼" , "bed": "2"},
      			{"id":"201286250128" ,"name" : "孙硕" , "bed": "3"},
      			{"id":"201286250129" ,"name" : "邹旭阳" ,"bed": "4"}
      		]
      	},
      	"西十一": {
      		"711" : [
      			{"id":"201286250123" ,"name" : "刘虎林" , "bed": "1"},
      			{"id":"201286250124" ,"name" : "胡超宇" , "bed": "2"},
      			{"id":"201286250125" ,"name" : "杨东" , "bed": "3"}
      		]
      	}
	}
}