{
    "classes": [
        {
            "name": "计算机科学与技术1201",
            "students": [
                {
                    "id": "201286250101",
                    "name": "罗荣"
                },
                {
                    "id": "201286250102",
                    "name": "王艳阳"
                },
                {
                    "id": "201286250103",
                    "name": "左玉林"
                },
                {
                    "id": "201286250104",
                    "name": "李婷"
                },
                {
                    "id": "201286250105",
                    "name": "向丰华"
                },
                {
                    "id": "201286250106",
                    "name": "段鲸苏"
                },
                {
                    "id": "201286250107",
                    "name": "刘璇璇"
                },
                {
                    "id": "201286250108",
                    "name": "黄桂梅"
                },
                {
                    "id": "201286250109",
                    "name": "左玉林"
                },
                {
                    "id": "201286250110",
                    "name": "李路根"
                }
                
            ]
        },
        {
            "name": "计算机科学与技术1202",
            "students": [
                {
                    "id": "201286250201",
                    "name": "任茂霞"
                },
                {
                    "id": "201286250202",
                    "name": "武大郎"
                },
                {
                    "id": "201286250203",
                    "name": "孙悟空"
                },
                {
                    "id": "201286250204",
                    "name": "邹鑫鑫"
                },
                {
                    "id": "201286250205",
                    "name": "何宇"
                },
                {
                    "id": "201286250206",
                    "name": "张三"
                },
                {
                    "id": "201286250207",
                    "name": "任六"
                }
            ]
        }
    ]
}