{
	"interviewers":[
		{"name":"李煜","no":"201586250108","class":"计算机1501","introduce":"我叫李煜，喜欢音乐"},
		{"name":"李煜","no":"201586250108","class":"计算机1501","introduce":"我叫李煜，喜欢音乐"},
		{"name":"李煜","no":"201586250108","class":"计算机1501","introduce":"我叫李煜，喜欢音乐"},
		{"name":"李煜","no":"201586250108","class":"计算机1501","introduce":"我叫李煜，喜欢音乐"},
		{"name":"李煜","no":"201586250108","class":"计算机1501","introduce":"我叫李煜，喜欢音乐"},
		{"name":"李煜","no":"201586250108","class":"计算机1501","introduce":"我叫李煜，喜欢音乐"},
		{"name":"李煜","no":"201586250108","class":"计算机1501","introduce":"我叫李煜，喜欢音乐"}		
	]
}
