{
    "departments": [
        {
            "name": "科技部",
            "menbers": [
                {
                    "id": "201286250101",
                    "name": "罗荣"
                },
                {
                    "id": "201286250102",
                    "name": "王艳阳"
                },
                {
                    "id": "201286250103",
                    "name": "左玉林"
                }
            ]
        },
        {
            "name": "宣传部",
            "menbers": [
                {
                    "id": "201286250201",
                    "name": "任茂霞"
                }
            ]
        }
    ]
}