{
	"title":"通报批评",
	"time":"2015-5-12",
	"people":[
		{"name":"刘亭亭","class":"水电1402班","type":"-","score":"4","reason":"5月7日缺席学院组织的早操，特此通报批评，给予扣德育分4分的处罚"},
		{"name":"刘亭亭","class":"水电1402班","type":"-","score":"4","reason":"5月7日缺席学院组织的早操，特此通报批评，给予扣德育分4分的处罚"},
		{"name":"刘亭亭","class":"水电1402班","type":"-","score":"4","reason":"5月7日缺席学院组织的早操，特此通报批评，给予扣德育分4分的处罚"},
		{"name":"刘亭亭","class":"水电1402班","type":"-","score":"4","reason":"5月7日缺席学院组织的早操，特此通报批评，给予扣德育分4分的处罚"}
	]
}
