{
	"class":[
		{
			"name":"计算机1501",
			"no-back":10,
			"late-back":2,
			"no-lesson":10,
			"illegal-use-of-electricity":20,
			"refuse-to-check":4,
			"no-make-bed":2,
			"no-wake-up":2,
			"no-locked":18,
			"stick-windows":2,
			"morning-exercises-absence":20,
			"meeting-absence":12,
			"leave-off":30,
			"other":30,
			"other":12
		},{
			"name":"计算机1502",
			"no-back":10,
			"late-back":2,
			"no-lesson":10,
			"illegal-use-of-electricity":10,
			"refuse-to-check":4,
			"no-make-bed":2,
			"no-wake-up":2,
			"no-locked":8,
			"stick-windows":2,
			"morning-exercises-absence":20,
			"meeting-absence":12,
			"leave-off":30,
			"other":12
		},{
			"name":"通信1501",
			"no-back":10,
			"late-back":2,
			"no-lesson":10,
			"illegal-use-of-electricity":40,
			"refuse-to-check":4,
			"no-make-bed":2,
			"no-wake-up":2,
			"no-locked":8,
			"stick-windows":2,
			"morning-exercises-absence":20,
			"meeting-absence":12,
			"leave-off":30,
			"other":12
		},{
			"name":"通信1502",
			"no-back":10,
			"late-back":2,
			"no-lesson":10,
			"illegal-use-of-electricity":20,
			"refuse-to-check":4,
			"no-make-bed":20,
			"no-wake-up":2,
			"no-locked":8,
			"stick-windows":2,
			"morning-exercises-absence":20,
			"meeting-absence":12,
			"leave-off":30,
			"other":12
		},{
			"name":"水利1501",
			"no-back":10,
			"late-back":2,
			"no-lesson":10,
			"illegal-use-of-electricity":20,
			"refuse-to-check":4,
			"no-make-bed":2,
			"no-wake-up":2,
			"no-locked":6,
			"stick-windows":34,
			"morning-exercises-absence":20,
			"meeting-absence":12,
			"leave-off":30,
			"other":12
		},{
			"name":"水利1502",
			"no-back":10,
			"late-back":2,
			"no-lesson":10,
			"illegal-use-of-electricity":20,
			"refuse-to-check":4,
			"no-make-bed":2,
			"no-wake-up":12,
			"no-locked":8,
			"stick-windows":2,
			"morning-exercises-absence":20,
			"meeting-absence":12,
			"leave-off":30,
			"other":12
		},{
			"name":"港航1501",
			"no-back":10,
			"late-back":2,
			"no-lesson":10,
			"illegal-use-of-electricity":20,
			"refuse-to-check":4,
			"no-make-bed":2,
			"no-wake-up":24,
			"no-locked":8,
			"stick-windows":2,
			"morning-exercises-absence":20,
			"meeting-absence":12,
			"leave-off":30,
			"other":12
		},{
			"name":"港航1502",
			"no-back":10,
			"late-back":2,
			"no-lesson":10,
			"illegal-use-of-electricity":20,
			"refuse-to-check":4,
			"no-make-bed":2,
			"no-wake-up":2,
			"no-locked":34,
			"stick-windows":2,
			"morning-exercises-absence":20,
			"meeting-absence":12,
			"leave-off":30,
			"other":12
		}
	]
}
